検知数,time_step,id,x,y
3,0,1,83.82143308,11.84630238
3,0,2,40.19588667,40.3161409
3,0,3,36.40835329,27.51333847
4,0,4,31.40749166,23.96961489
4,0,5,67.92644809,92.29436265
4,0,6,76.78823497,70.34127819
4,0,7,43.49797788,65.14436699
4,0,8,40.00691637,68.98973462
4,0,9,72.20227603,4.645594476
4,0,10,40.36634911,81.16862776
4,0,11,75.14671962,66.37047695
4,0,12,95.12438894,71.30294061
4,0,13,6.183166079,51.30762392
4,0,14,46.26759123,14.27667832
4,0,15,74.27639095,87.97389481
4,0,16,77.30427881,29.85671197
4,0,17,34.73850795,57.10986104
4,0,18,34.11437723,65.01111383
4,0,19,7.689211806,81.95570154
4,0,20,89.52833243,46.69698986
4,1,1,84.73466127,8.5931274
4,1,2,44.58949045,43.33668482
4,1,3,36.9231717,28.90342026
4,1,4,34.09579987,23.70302298
4,1,5,67.61935122,94.98460958
4,1,6,77.46658826,73.94450809
4,1,7,43.54709298,64.13266561
4,1,8,39.40802324,68.78753895
4,1,9,72.47673492,0.416871575
4,1,10,36.71463593,84.56819347
4,1,11,72.75204812,63.45413705
4,1,12,96.45145967,68.74440697
4,1,13,1.381289325,53.43742934
4,1,14,51.10528282,12.91874984
4,1,15,77.41564315,91.9357122
4,1,16,80.79517516,25.34640148
4,1,17,32.77535438,58.33939236
4,1,18,32.77961542,63.42863481
4,1,19,8.807788658,80.1532121
4,1,20,91.76449026,42.86208396
4,2,1,84.77172543,8.588696476
4,2,2,43.38020195,39.72304424
4,2,3,35.11427618,25.64285162
4,2,4,34.70820664,18.79198036
4,2,5,63.13488724,90.77037237
4,2,6,78.26315282,71.99917125
4,2,7,48.36873059,60.25521949
4,2,8,43.82112099,64.89966812
4,2,9,72.40641524,0
4,2,10,34.26780365,81.25153683
4,2,11,68.29264484,66.61322908
4,2,12,96.81027842,65.40385777
4,2,13,5.377117675,58.21653077
4,2,14,46.32318676,14.81413465
4,2,15,74.80219394,96.14160617
4,2,16,80.4039949,24.95985918
4,2,17,34.80532699,55.38116305
4,2,18,33.57974003,59.72535177
4,2,19,12.68784587,79.81375135
4,2,20,88.4597823,44.71499742
4,3,1,82.22191941,9.733282296
4,3,2,38.75343385,37.46809224
4,3,3,38.91968714,27.40625507
4,3,4,38.94507663,13.93030288
4,3,5,59.74030347,88.40196242
4,3,6,76.66060919,71.67207037
4,3,7,46.31341466,63.85480714
4,3,8,42.7718382,65.19553071
4,3,9,69.16017873,0.216238681
4,3,10,37.97894525,76.56687731
4,3,11,66.45297987,62.30436446
4,3,12,97.35416195,68.55507935
4,3,13,10.22061376,56.68907506
4,3,14,43.20485312,16.33301205
4,3,15,73.06753802,92.84565641
4,3,16,76.47610164,27.99935268
4,3,17,36.07966593,55.79792702
4,3,18,33.97854234,56.07643802
4,3,19,9.252267806,77.65708933
4,3,20,91.52169493,43.83863235
4,4,1,84.10228647,10.57187561
4,4,2,42.48849763,42.37224599
4,4,3,42.71078418,28.24480987
4,4,4,36.55687551,10.67152593
4,4,5,56.97888415,89.62164242
4,4,6,79.04788187,69.46579659
4,4,7,45.69538054,67.79170724
4,4,8,45.76800075,67.96205061
4,4,9,65.25529437,4.337347146
4,4,10,41.6728279,75.85632333
4,4,11,69.40864841,64.03768915
4,4,12,94.94638005,66.06116735
4,4,13,10.30043886,54.87049575
4,4,14,40.85153534,15.71795435
4,4,15,69.98647057,94.38641061
4,4,16,75.51299366,29.81425426
4,4,17,38.37240859,55.49476045
4,4,18,29.07296078,54.58263484
4,4,19,11.21466203,77.65538961
4,4,20,89.65727811,46.02495502
4,5,1,81.29304154,11.06845302
4,5,2,44.32672396,45.67775284
4,5,3,40.5803856,28.9584267
4,5,4,37.78758289,7.124914079
4,5,5,61.0667514,92.50420701
4,5,6,80.85384887,74.05605933
4,5,7,48.04755794,68.15357529
4,5,8,50.30225116,68.68852369
4,5,9,69.13742033,7.890559183
4,5,10,44.55024504,73.65470401
4,5,11,69.24628352,63.24743317
4,5,12,98.93696423,63.0133459
4,5,13,14.63758963,58.77909167
4,5,14,44.35180007,11.50339386
4,5,15,68.60868392,91.76577922
4,5,16,71.92149094,32.27887047
4,5,17,41.86020233,53.21075333
4,5,18,26.244188,57.21266626
4,5,19,10.87478992,79.63501512
4,5,20,84.98300785,49.08952271
4,6,1,82.02191987,14.4868079
4,6,2,43.00308919,46.48161983
4,6,3,43.99536356,33.7191214
4,6,4,35.90188159,5.837876098
4,6,5,61.91934477,88.00553871
4,6,6,85.59712548,75.41360709
4,6,7,46.64418186,68.18806394
4,6,8,54.3599952,66.05192218
4,6,9,70.71286594,6.481207543
4,6,10,43.04194929,70.02789497
4,6,11,70.75691715,61.52829051
4,6,12,100,64.01467536
4,6,13,9.981304299,56.65691905
4,6,14,45.85882187,9.591950267
4,6,15,72.24816935,92.72796752
4,6,16,67.44097936,31.90682072
4,6,17,41.77896663,51.90530372
4,6,18,27.30970753,53.34149063
4,6,19,13.72093673,81.2937972
4,6,20,80.30142764,51.84016598
4,7,1,77.14237056,17.53187184
4,7,2,38.25144986,51.35628659
4,7,3,48.39881236,34.56439235
4,7,4,35.11740639,2.159129231
4,7,5,60.40527191,85.04667829
4,7,6,80.80144417,75.65866764
4,7,7,44.42624643,72.57715755
4,7,8,50.86728822,64.29727311
4,7,9,65.80255706,5.097186016
4,7,10,40.55392367,73.21929063
4,7,11,66.08657997,63.24475687
4,7,12,95.9781067,60.07222657
4,7,13,10.21560398,53.46865249
4,7,14,45.10338246,5.848691257
4,7,15,69.5398956,96.28016568
4,7,16,72.09830377,29.77124329
4,7,17,46.05824537,53.11384931
4,7,18,23.22193075,51.26022427
4,7,19,11.30959775,82.18583179
4,7,20,78.98458187,52.24889373
4,8,1,81.0827677,19.00675972
4,8,2,37.14317252,48.98289747
4,8,3,50.00795136,36.54083628
4,8,4,38.39644679,3.391780511
4,8,5,55.77007415,80.61840819
4,8,6,81.3099587,78.16389371
4,8,7,46.28520167,75.29641208
4,8,8,51.88509439,63.90545716
4,8,9,67.91395842,5.554675626
4,8,10,41.2923253,73.16554207
4,8,11,68.97977665,59.08696078
4,8,12,94.22400223,61.01009942
4,8,13,14.15912441,55.38829268
4,8,14,46.64606832,5.665726127
4,8,15,65.39565586,93.25132388
4,8,16,70.74392859,25.72323698
4,8,17,49.12180538,49.29534798
4,8,18,27.18900366,51.82262352
4,8,19,15.48294029,84.20288733
4,8,20,77.67077394,57.13645084
4,9,1,81.6450997,17.22758361
4,9,2,37.21632789,44.85766418
4,9,3,52.62132559,31.62968975
4,9,4,35.657831,8.170303254
4,9,5,57.8522628,79.45095285
4,9,6,79.99850923,74.68116757
4,9,7,42.1362197,78.4188501
4,9,8,51.06141846,61.71129198
4,9,9,64.49047719,2.231148952
4,9,10,40.92905129,78.0179146
4,9,11,73.8420874,56.23948803
4,9,12,90.28302176,56.14907012
4,9,13,12.52358358,53.90641907
4,9,14,43.74418719,8.113449174
4,9,15,64.5536876,95.83124294
4,9,16,74.27367505,23.79787971
4,9,17,47.79262273,49.64657863
4,9,18,31.09619625,55.16485426
4,9,19,17.20443769,80.44389737
4,9,20,79.92673502,60.40788422
4,10,1,82.07258937,17.73269724
4,10,2,34.22302111,48.17361854
4,10,3,49.35327554,34.33632352
4,10,4,32.49413371,6.261543054
4,10,5,57.97888099,77.26965687
4,10,6,77.68909143,78.88901248
4,10,7,37.30198624,81.32827387
4,10,8,47.65366849,64.0278085
4,10,9,63.33645745,0
4,10,10,45.04376293,75.71603889
4,10,11,74.70103374,52.24809844
4,10,12,93.40205826,53.10566287
4,10,13,9.841754798,53.94312579
4,10,14,40.45453125,3.42703484
4,10,15,61.82045001,92.5390816
4,10,16,72.7720888,20.25976503
4,10,17,50.63716752,45.40001649
4,10,18,32.17103605,59.99741008
4,10,19,19.24685937,79.4487523
4,10,20,76.22960862,64.74671336
4,11,1,86.89341038,21.49508769
4,11,2,36.82769946,45.88415675
4,11,3,51.29931141,38.93682973
4,11,4,31.5640386,10.15402617
4,11,5,54.18246451,78.06589563
4,11,6,78.40403233,76.94301473
4,11,7,41.3737029,80.95036532
4,11,8,48.02284309,60.31818666
4,11,9,60.98979522,3.914729895
4,11,10,43.15193001,77.81820147
4,11,11,72.46645665,54.78534062
4,11,12,96.54918894,50.75470823
4,11,13,9.024168739,52.02945469
4,11,14,40.32939582,0.904065184
4,11,15,60.74466094,91.77326079
4,11,16,69.10935947,25.11458547
4,11,17,48.16375126,43.78746069
4,11,18,27.68280328,63.70660823
4,11,19,17.4225144,79.92880372
4,11,20,71.38180793,67.70819484
4,12,1,89.35262341,23.01523536
4,12,2,40.23246452,44.86679701
4,12,3,54.07578124,41.06464641
4,12,4,34.71353413,14.23122389
4,12,5,58.0716254,77.15577091
4,12,6,76.37469577,73.13978742
4,12,7,45.63931377,79.16486484
4,12,8,51.44563517,58.23099381
4,12,9,63.60693225,1.84878251
4,12,10,38.70436779,82.57824553
4,12,11,72.19068281,58.82806775
4,12,12,100,52.26821208
4,12,13,5.936237248,47.69451137
4,12,14,40.7777402,5.233654307
4,12,15,57.77563621,87.62715625
4,12,16,73.99811774,28.10134911
4,12,17,46.44750065,47.94890433
4,12,18,31.29753232,67.21695442
4,12,19,22.40595784,82.33006333
4,12,20,68.46653759,66.93030006
4,13,1,93.29065063,19.88963179
4,13,2,44.45627162,40.22108392
4,13,3,52.11399615,40.77010578
4,13,4,36.58072066,10.38813072
4,13,5,55.79089302,74.43270432
4,13,6,72.5689559,76.58516759
4,13,7,40.75980602,78.96650825
4,13,8,49.71696181,63.22182385
4,13,9,61.72416735,0.69373114
4,13,10,41.7661913,83.27160323
4,13,11,74.75205202,57.74338978
4,13,12,100,48.9874066
4,13,13,1.156945568,51.10458655
4,13,14,41.14716855,3.112164601
4,13,15,55.81803691,87.46936804
4,13,16,71.10473993,25.50430591
4,13,17,41.46306797,47.30218415
4,13,18,28.27063068,65.44911447
4,13,19,18.93639412,87.23787092
4,13,20,63.62842035,67.42040868
4,14,1,96.15189454,17.49409724
4,14,2,40.34020804,44.61354949
4,14,3,52.25022192,42.92085291
4,14,4,32.21928298,12.20682551
4,14,5,60.49023566,71.09595157
4,14,6,67.60469801,79.2599037
4,14,7,38.47599673,82.74842106
4,14,8,54.57422879,65.77717056
4,14,9,57.1683814,0.728806781
4,14,10,42.52201758,82.0597866
4,14,11,78.04160724,55.17454439
4,14,12,100,46.98486395
4,14,13,0,47.86178886
4,14,14,45.80007572,0.894420929
4,14,15,53.11179617,85.35461178
4,14,16,66.78566287,27.47841586
4,14,17,46.37071625,47.51813205
4,14,18,32.03101926,63.09499757
4,14,19,14.67817708,89.10176378
4,14,20,63.2411773,68.58726557
4,15,1,100,19.94852581
4,15,2,39.56000874,49.05519159
4,15,3,53.35574317,40.97229949
4,15,4,32.21090502,8.464307112
4,15,5,61.90080801,71.00084192
4,15,6,62.89099959,79.43776284
4,15,7,40.23220592,86.44513437
4,15,8,55.53213574,61.71281471
4,15,9,56.43898414,0.584641974
4,15,10,46.10564827,86.78245683
4,15,11,78.97639881,57.07700187
4,15,12,95.49829267,50.94995475
4,15,13,0,46.86266671
4,15,14,49.56043062,2.133532887
4,15,15,53.99807239,81.45389648
4,15,16,67.20173508,26.117949
4,15,17,42.16654123,51.99867926
4,15,18,29.53034287,58.38892444
4,15,19,13.99765666,87.44914066
4,15,20,66.01459175,72.84773583
4,16,1,100,23.75716155
4,16,2,36.06357753,48.21246424
4,16,3,54.95255961,43.74948172
4,16,4,30.90699104,8.531657478
4,16,5,64.64161017,68.85949346
4,16,6,62.31695542,83.78859439
4,16,7,38.5438004,87.04299218
4,16,8,53.28069266,65.59756851
4,16,9,56.52366103,0
4,16,10,47.29373988,88.42194973
4,16,11,74.81658367,55.07393783
4,16,12,94.33055175,55.66992544
4,16,13,0,46.851257
4,16,14,45.87884324,1.073418902
4,16,15,54.70747653,84.3825702
4,16,16,67.07721914,22.21546724
4,16,17,44.06833629,52.59306421
4,16,18,31.40732807,54.9683613
4,16,19,9.571075822,84.73559742
4,16,20,66.63886262,71.46432877
4,17,1,99.86942055,27.67084907
4,17,2,38.78470241,43.62744789
4,17,3,53.01204653,46.71870554
4,17,4,30.70600639,6.922227976
4,17,5,61.13240714,68.69788974
4,17,6,58.94792206,81.10126614
4,17,7,33.67099945,90.36180871
4,17,8,56.37774255,63.01203262
4,17,9,61.2851461,1.482719905
4,17,10,50.31689504,89.73125462
4,17,11,75.49416406,57.02567895
4,17,12,90.35900377,54.01503664
4,17,13,1.142102615,45.71169369
4,17,14,49.70538776,5.512491619
4,17,15,53.2594135,83.27463167
4,17,16,65.31406863,21.9820218
4,17,17,43.83937989,55.7195593
4,17,18,34.09129065,57.52422432
4,17,19,10.25957534,87.64904816
4,17,20,63.23694277,72.57025248
4,18,1,100,22.69472182
4,18,2,40.19038028,45.79840732
4,18,3,51.43535995,50.40197139
4,18,4,35.29374552,6.565349464
4,18,5,61.24493343,72.49156829
4,18,6,61.84202378,82.99648964
4,18,7,30.39186862,91.76135548
4,18,8,56.35853736,62.34782711
4,18,9,65.29458461,0
4,18,10,53.10324306,88.09703534
4,18,11,75.9710326,61.3220853
4,18,12,87.06036045,57.53741852
4,18,13,0,46.59457697
4,18,14,47.51399829,8.461459362
4,18,15,58.06987263,79.79959281
4,18,16,64.37969243,17.56711254
4,18,17,42.57299922,51.29173456
4,18,18,32.27827637,58.24650308
4,18,19,6.292217626,88.43480231
4,18,20,59.16706303,70.57717196
4,19,1,100,26.74162722
4,19,2,35.92747529,43.64736824
4,19,3,47.83857509,45.79416136
4,19,4,36.8758647,3.686755087
4,19,5,64.50634017,70.02802598
4,19,6,65.99574985,79.32107103
4,19,7,30.99846502,94.09332199
4,19,8,60.29592913,61.04323992
4,19,9,63.79426012,0
4,19,10,57.13357486,87.05546557
4,19,11,78.33721981,65.59384307
4,19,12,88.10788348,60.68189986
4,19,13,0,47.52354169
4,19,14,45.56979173,5.927432336
4,19,15,58.90140095,82.7089453
4,19,16,59.43840167,18.7611745
4,19,17,43.86746614,55.25398437
4,19,18,34.13378749,57.23629604
4,19,19,6.949566787,93.07937389
4,19,20,56.91570147,68.57283532
4,20,1,100,22.47006451
4,20,2,37.56409375,41.87120221
4,20,3,46.77188076,42.202948
4,20,4,35.52333288,4.796053627
4,20,5,68.8791085,65.7468586
4,20,6,66.28220167,78.44113003
4,20,7,34.97691527,94.94308681
4,20,8,61.79501983,63.83462774
4,20,9,67.38927436,3.464798623
4,20,10,58.25433607,83.33545346
4,20,11,77.40657568,68.15423779
4,20,12,88.09160892,63.62381529
4,20,13,1.334901077,51.30865443
4,20,14,43.11466578,4.739372348
4,20,15,55.73047885,79.46882952
4,20,16,55.35781775,16.15750754
4,20,17,40.46226404,58.03453364
4,20,18,35.36361926,60.2044366
4,20,19,6.900014841,89.11341927
4,20,20,56.83524888,71.96414075
4,21,1,99.2773658,25.71659858
4,21,2,36.84788802,43.40860692
4,21,3,49.41472584,41.18605717
4,21,4,32.97887601,8.439949342
4,21,5,72.79626718,62.40226103
4,21,6,69.85066887,78.42340111
4,21,7,32.31208066,92.77714016
4,21,8,59.76903968,60.47618606
4,21,9,70.95458367,3.415762501
4,21,10,59.2083026,79.68349064
4,21,11,75.644071,69.56744315
4,21,12,83.18025294,60.68512905
4,21,13,0,53.73682493
4,21,14,39.16214881,1.978481601
4,21,15,53.68492552,76.18002272
4,21,16,54.84880282,19.04042909
4,21,17,36.05935692,56.79400467
4,21,18,30.45310407,57.06739468
4,21,19,11.28883392,88.32828054
4,21,20,57.96774846,76.41002752
4,22,1,100,30.68415205
4,22,2,39.46675538,46.59466511
4,22,3,48.3737653,38.05988043
4,22,4,34.18405745,4.983120883
4,22,5,71.36849399,61.9832322
4,22,6,73.25113057,79.41694663
4,22,7,33.82613089,89.16437624
4,22,8,62.46124389,59.19435307
4,22,9,66.52569368,0.756477995
4,22,10,62.44186186,79.12208407
4,22,11,74.16019597,72.0666326
4,22,12,79.4926709,62.82281849
4,22,13,1.217675954,51.61766546
4,22,14,35.67904049,3.38070394
4,22,15,52.2412827,77.00510463
4,22,16,58.82255705,16.93970267
4,22,17,35.62151038,56.1423944
4,22,18,29.57297386,58.38267464
4,22,19,8.687039462,90.22335422
4,22,20,61.74255683,79.93348863
4,23,1,96.40910774,29.8362186
4,23,2,40.11522471,46.14466446
4,23,3,48.93428436,38.36182869
4,23,4,32.1466219,4.257384214
4,23,5,66.76752686,62.5071395
4,23,6,77.17481056,80.93949649
4,23,7,35.45798945,88.96754004
4,23,8,61.62038283,59.64234943
4,23,9,63.2677659,0
4,23,10,59.5655165,78.17893867
4,23,11,69.98206925,71.1126216
4,23,12,76.80621385,61.82012502
4,23,13,0,47.16340741
4,23,14,33.63017356,7.556322906
4,23,15,47.80552398,79.61671967
4,23,16,54.03129034,17.23858623
4,23,17,40.37745471,59.22491074
4,23,18,31.86945977,56.88425506
4,23,19,11.48792692,85.65254097
4,23,20,66.69885228,76.02721981
4,24,1,96.4508509,25.25750925
4,24,2,39.14720494,42.69408539
4,24,3,48.0916809,39.14300918
4,24,4,35.56146322,7.601029254
4,24,5,62.66561427,59.93634421
4,24,6,78.34621536,77.40176523
4,24,7,37.34486349,92.10777248
4,24,8,62.3306319,64.03536084
4,24,9,64.25367524,0
4,24,10,57.3608241,77.08998598
4,24,11,74.60240941,66.3007425
4,24,12,77.8314229,64.33914608
4,24,13,0,49.15309122
4,24,14,35.99321489,3.868084449
4,24,15,43.53134216,82.75717308
4,24,16,58.66750627,21.66993045
4,24,17,41.46602154,63.07586067
4,24,18,30.37648702,61.46902348
4,24,19,13.14183489,85.58529365
4,24,20,68.57178263,76.14163093
4,25,1,100,26.5997177
4,25,2,40.29132024,41.84590553
4,25,3,51.18788753,35.02841016
4,25,4,38.57475724,9.578958575
4,25,5,66.66474534,58.88917134
4,25,6,78.98700448,77.93368484
4,25,7,36.17494537,87.9977484
4,25,8,61.13289008,61.07781234
4,25,9,59.59823897,1.375753264
4,25,10,55.57000727,79.11932047
4,25,11,76.38442203,65.23812952
4,25,12,80.62675773,65.34023166
4,25,13,0.078261684,49.33395421
4,25,14,32.91913039,1.567504397
4,25,15,46.99776119,81.88181603
4,25,16,58.10218066,23.96162596
4,25,17,41.87752947,62.74755489
4,25,18,34.60359973,59.94904217
4,25,19,12.63638034,90.39966904
4,25,20,66.72421333,73.4260773
4,26,1,100,30.39666886
4,26,2,44.73345072,37.05860257
4,26,3,48.26329235,34.37321428
4,26,4,36.52919489,13.63689442
4,26,5,65.74000282,62.41636445
4,26,6,78.01141212,77.90187931
4,26,7,37.92994617,91.48864772
4,26,8,56.63407094,58.69603393
4,26,9,63.77462437,0
4,26,10,50.81687858,80.96675488
4,26,11,78.18214307,60.3934033
4,26,12,76.47553948,68.70801727
4,26,13,0,51.60286812
4,26,14,30.51461935,0
4,26,15,50.77355969,82.73657916
4,26,16,56.82178731,21.88568863
4,26,17,46.32955617,59.27106093
4,26,18,34.6516378,61.78519789
4,26,19,14.62931198,92.56891509
4,26,20,70.13890213,70.0769807
4,27,1,100,32.4617192
4,27,2,48.26655785,40.48946939
4,27,3,52.8110706,29.83858532
4,27,4,41.44559819,16.49085922
4,27,5,66.08179096,66.31252858
4,27,6,80.51521376,81.5240369
4,27,7,35.25236217,95.84987839
4,27,8,55.45167567,59.11174256
4,27,9,58.95419323,0.188764852
4,27,10,51.22897342,76.31087295
4,27,11,81.60395621,62.13562345
4,27,12,77.75634526,70.13932574
4,27,13,4.448263847,50.02144967
4,27,14,33.58543653,1.777847993
4,27,15,55.40917048,87.56407587
4,27,16,60.10409262,17.35920068
4,27,17,49.93393443,56.28430934
4,27,18,34.88702559,63.17554488
4,27,19,11.06649092,89.07360308
4,27,20,67.64770643,70.0601035
4,28,1,100,32.79832372
4,28,2,51.29822981,41.54070281
4,28,3,51.43385583,34.33974711
4,28,4,40.31685343,19.67628776
4,28,5,64.33987748,70.46901475
4,28,6,79.27240568,83.62463186
4,28,7,34.56357432,99.25053015
4,28,8,56.36607472,58.38025759
4,28,9,60.66677969,2.750053323
4,28,10,52.42928009,72.908966
4,28,11,80.12610273,63.66311374
4,28,12,75.78083389,68.94990275
4,28,13,2.826618057,50.65968713
4,28,14,34.5466121,0
4,28,15,56.90981734,83.62216565
4,28,16,56.44127513,12.86013882
4,28,17,51.89225143,53.30104345
4,28,18,29.92966463,58.8270852
4,28,19,12.78317047,89.91131623
4,28,20,71.11886966,69.2841051
4,29,1,96.79379383,28.1337111
4,29,2,50.1329915,39.88127725
4,29,3,55.47341463,35.96895862
4,29,4,36.1088072,14.71064226
4,29,5,61.14255394,73.56288208
4,29,6,82.81735278,82.79050683
4,29,7,33.14305225,95.19683127
4,29,8,51.90619106,53.38156973
4,29,9,64.69511702,0
4,29,10,49.70256592,76.51514368
4,29,11,77.14317801,58.85302543
4,29,12,72.3791227,71.37317492
4,29,13,0,46.00301324
4,29,14,34.07606719,0
4,29,15,56.18577822,84.80532094
4,29,16,59.2539313,16.81071159
4,29,17,49.61905469,51.83481631
4,29,18,27.9194899,54.5104556
4,29,19,16.13566835,94.06815912
4,29,20,73.23443359,70.8595907
4,30,1,97.15816914,28.97049987
4,30,2,46.67808485,43.50803073
4,30,3,51.27028607,40.33639445
4,30,4,40.13088271,13.31988925
4,30,5,59.92778174,69.39146322
4,30,6,80.03563188,84.69678341
4,30,7,29.90823509,95.35315619
4,30,8,49.08951462,55.68461436
4,30,9,60.1384441,2.83804821
4,30,10,53.00275114,77.66077783
4,30,11,73.93920254,63.57365089
4,30,12,73.21354011,75.5196463
4,30,13,3.130256383,47.35000082
4,30,14,31.16934491,3.570769552
4,30,15,55.19907261,85.789783
4,30,16,59.03414265,20.08839229
4,30,17,47.31751662,49.50453734
4,30,18,24.26365554,54.22428224
4,30,19,16.47009115,95.04736048
4,30,20,69.66581703,69.2658804
4,31,1,95.5593319,29.54761656
4,31,2,51.12129633,47.64293497
4,31,3,48.44476201,41.05583424
4,31,4,40.12934928,17.21265669
4,31,5,57.30770249,66.21328688
4,31,6,80.56004848,85.98721377
4,31,7,33.23554523,98.4884516
4,31,8,49.62769773,57.99233829
4,31,9,58.12702948,4.179688072
4,31,10,55.59023135,73.72804447
4,31,11,77.3059432,60.99821171
4,31,12,74.15195715,77.98615217
4,31,13,2.753366339,47.44492617
4,31,14,31.12095328,0
4,31,15,58.6154459,81.15648566
4,31,16,62.90920685,15.88517057
4,31,17,49.44210969,46.24091495
4,31,18,21.84922066,54.31782202
4,31,19,15.05650896,92.51638222
4,31,20,67.63412812,69.91989632
4,32,1,95.57458975,30.25172262
4,32,2,46.94495711,46.80453029
4,32,3,46.54376211,40.5244035
4,32,4,41.91915285,12.41764528
4,32,5,59.00995601,61.79714035
4,32,6,79.20638516,88.0895053
4,32,7,31.19283803,100
4,32,8,52.94045937,55.68167122
4,32,9,60.24859008,5.618888999
4,32,10,54.85858037,76.74706293
4,32,11,76.33678921,57.59609776
4,32,12,73.49841194,77.4524836
4,32,13,0,44.75413877
4,32,14,34.11106571,0
4,32,15,57.57986116,83.66425969
4,32,16,63.41912177,16.08854319
4,32,17,48.76641041,41.39650454
4,32,18,18.3743164,51.24389736
4,32,19,12.44958904,90.12173066
4,32,20,65.84466145,66.48439045
4,33,1,90.70344359,34.48154719
4,33,2,43.70614828,47.47253479
4,33,3,47.65692241,37.1749622
4,33,4,44.18229715,12.91609019
4,33,5,56.18273313,62.72873429
4,33,6,78.95379539,90.1075706
4,33,7,34.51081729,100
4,33,8,55.58733286,56.67354454
4,33,9,62.97354735,3.537893438
4,33,10,59.77959306,76.55771588
4,33,11,71.55662536,56.83980629
4,33,12,76.89997185,76.4263329
4,33,13,4.508548157,43.54330984
4,33,14,34.75032445,0
4,33,15,62.03870845,83.45936413
4,33,16,61.77378735,14.03139992
4,33,17,49.0921542,43.61058304
4,33,18,20.37903696,50.35139011
4,33,19,16.52588199,85.37337581
4,33,20,67.61837375,65.1428301
4,34,1,90.44266035,35.96197825
4,34,2,41.00282496,49.06681725
4,34,3,47.96152799,40.87205881
4,34,4,47.44656734,13.78606709
4,34,5,54.55976237,60.40698955
4,34,6,74.92972958,91.29855603
4,34,7,31.44151964,97.87113654
4,34,8,57.77725482,58.3083477
4,34,9,67.49568663,4.031192934
4,34,10,63.86119961,74.02667095
4,34,11,74.14677083,54.05695494
4,34,12,77.57593835,81.27861705
4,34,13,3.308805864,47.22299846
4,34,14,32.39560375,0
4,34,15,65.7535371,85.52962198
4,34,16,63.17951658,12.24115586
4,34,17,50.72604019,48.58139113
4,34,18,20.857813,49.35945947
4,34,19,17.66416512,84.3160324
4,34,20,71.81482106,67.24560764
4,35,1,94.87020928,35.78764411
4,35,2,40.45063924,50.54528646
4,35,3,49.50863989,39.15925077
4,35,4,48.33586766,8.977992338
4,35,5,53.5000851,64.87265719
4,35,6,72.80823327,95.82570268
4,35,7,36.02571962,99.58606879
4,35,8,59.45444993,58.89055663
4,35,9,66.42208454,1.698992339
4,35,10,64.40006811,75.66691856
4,35,11,70.77966843,49.8665268
4,35,12,81.76634342,78.95318693
4,35,13,1.6171089,48.90324069
4,35,14,30.4022407,0
4,35,15,62.10365989,83.73457525
4,35,16,61.01102418,15.38012874
4,35,17,46.53540068,44.4061937
4,35,18,25.19313837,47.65898228
4,35,19,17.0062306,80.93086834
4,35,20,67.00538876,65.95483757
4,36,1,96.1463543,35.51366187
4,36,2,41.15369091,54.47930705
4,36,3,50.72100021,39.40026926
4,36,4,48.25143093,10.99308123
4,36,5,51.89775501,62.56072593
4,36,6,75.92757495,96.33523001
4,36,7,35.57723444,99.4551558
4,36,8,59.74460837,59.52637113
4,36,9,64.21529636,0
4,36,10,62.56029731,80.17879918
4,36,11,74.11249336,51.71922311
4,36,12,82.31362528,81.52370498
4,36,13,2.744970856,53.88573992
4,36,14,33.65612721,4.824702316
4,36,15,61.7344997,81.86584856
4,36,16,56.24151418,19.78427797
4,36,17,44.55994766,39.69003265
4,36,18,20.30887452,43.65479379
4,36,19,12.18943079,80.33825767
4,36,20,63.25880169,70.43258924
4,37,1,93.83006104,37.524344
4,37,2,38.43583422,52.40561868
4,37,3,46.91008904,36.04613374
4,37,4,49.02193522,12.01330055
4,37,5,53.86491162,60.49083981
4,37,6,74.93695493,99.40391843
4,37,7,39.32311907,97.92588994
4,37,8,59.15755445,64.28838957
4,37,9,61.05946101,4.593664646
4,37,10,66.37204239,84.94133443
4,37,11,69.94046948,47.53326784
4,37,12,80.63761504,79.13640091
4,37,13,2.786636029,50.83936999
4,37,14,31.10917285,3.052191165
4,37,15,64.34175676,83.25055148
4,37,16,54.18984679,24.12399879
4,37,17,41.95410445,35.77673412
4,37,18,20.01127304,39.32791062
4,37,19,9.548027337,80.33780216
4,37,20,66.14950796,67.14952679
4,38,1,92.41517615,38.37957612
4,38,2,38.56408831,48.45411605
4,38,3,49.65121754,36.48485555
4,38,4,49.3157482,10.2872719
4,38,5,58.74012793,62.75551548
4,38,6,76.71198678,100
4,38,7,42.67814914,100
4,38,8,60.84049076,61.11880542
4,38,9,57.85124934,6.026039376
4,38,10,69.45220625,82.32602276
4,38,11,69.52273489,43.70132299
4,38,12,81.85111202,83.59495543
4,38,13,3.200143532,47.14661958
4,38,14,32.54578989,0.758623666
4,38,15,61.56554007,87.52672554
4,38,16,56.51191512,23.46361315
4,38,17,42.07967026,32.35362492
4,38,18,16.88850664,39.88418146
4,38,19,12.29355703,78.46398179
4,38,20,61.90170067,62.64607979
4,39,1,93.36096435,35.63689378
4,39,2,42.92826857,49.78237292
4,39,3,44.90501723,35.81643194
4,39,4,47.82540475,13.03754785
4,39,5,56.1824065,64.83403956
4,39,6,77.35399373,100
4,39,7,43.33424763,98.79775912
4,39,8,61.13583178,63.94625607
4,39,9,57.94305606,9.146351556
4,39,10,72.66094278,81.8342847
4,39,11,65.97615799,41.3880072
4,39,12,86.11445873,80.25865533
4,39,13,3.025636492,45.71453302
4,39,14,29.47021143,0.125359524
4,39,15,58.33142263,88.5826126
4,39,16,51.99020385,25.69440714
4,39,17,45.63913804,31.33100568
4,39,18,19.59700367,42.03829806
4,39,19,9.158831801,82.28901303
4,39,20,61.02005714,59.12706982
4,40,1,90.01084067,33.23709109
4,40,2,44.74202108,46.46290358
4,40,3,44.14005332,34.63531432
4,40,4,43.39443343,15.38357248
4,40,5,56.57288828,61.53851486
4,40,6,73.76478151,99.84805616
4,40,7,47.67478656,100
4,40,8,61.32873154,60.85748048
4,40,9,59.35655793,5.038915127
4,40,10,72.1027555,81.22773926
4,40,11,70.26252532,37.75242436
4,40,12,87.10735021,77.09719926
4,40,13,0.109545272,47.24214669
4,40,14,28.77508212,3.894655612
4,40,15,55.92900804,93.29188732
4,40,16,52.31180807,27.4814888
4,40,17,41.47383039,33.95483477
4,40,18,18.34772455,40.33559981
4,40,19,12.84047324,80.55546686
4,40,20,57.95811276,62.4020341
4,41,1,87.58074146,38.20940418
4,41,2,45.1399813,50.70816931
4,41,3,45.60967835,36.15813019
4,41,4,48.09020669,10.54831239
4,41,5,53.5698456,63.85626317
4,41,6,73.66364142,100
4,41,7,49.58066961,96.71419143
4,41,8,58.73496611,56.52070379
4,41,9,63.06910751,4.442063328
4,41,10,69.36584264,76.53561509
4,41,11,67.63445428,33.0677007
4,41,12,85.5325692,80.8893752
4,41,13,0,52.18430838
4,41,14,30.70532729,5.667435571
4,41,15,54.6746131,88.57355091
4,41,16,54.20870167,22.92945806
4,41,17,45.2239692,37.48137904
4,41,18,22.52664031,44.41118115
4,41,19,14.38669916,83.63634148
4,41,20,53.45801627,61.29265345
4,42,1,85.7349259,35.03489647
4,42,2,42.91161471,47.62026905
4,42,3,50.11165276,31.90574255
4,42,4,46.21695043,14.1847029
4,42,5,50.98959192,63.27840884
4,42,6,78.37392059,95.96750617
4,42,7,47.47779516,98.80126276
4,42,8,60.67141684,52.3442662
4,42,9,61.18931159,5.500991082
4,42,10,73.02677363,79.98177368
4,42,11,66.82134658,36.7267504
4,42,12,87.56320925,83.38611379
4,42,13,0,48.47752388
4,42,14,32.12840393,6.833400379
4,42,15,49.73662949,90.26647206
4,42,16,54.59126917,22.50586546
4,42,17,48.41376013,34.12766662
4,42,18,20.60630931,45.09667876
4,42,19,15.47989088,86.7373082
4,42,20,48.68599529,57.74053563
4,43,1,82.20077251,33.73123808
4,43,2,46.40909458,44.77431094
4,43,3,54.20256498,34.27871343
4,43,4,50.169488,13.72589331
4,43,5,54.41062057,68.03928422
4,43,6,79.06157994,98.43115025
4,43,7,44.1835528,98.95665391
4,43,8,60.14211649,52.86795045
4,43,9,57.76991524,7.639886758
4,43,10,75.38150916,79.6217723
4,43,11,71.73856533,33.56991473
4,43,12,82.89449117,79.0201678
4,43,13,4.478733647,44.48936421
4,43,14,27.90545983,10.54088554
4,43,15,50.08009268,88.51278653
4,43,16,53.5174606,27.01981435
4,43,17,47.92463343,38.90948174
4,43,18,17.54552297,48.69848138
4,43,19,14.7021313,88.98194333
4,43,20,48.19438832,54.8920672
4,44,1,84.39730325,36.32043353
4,44,2,46.95210284,46.54664708
4,44,3,50.96181778,37.7689533
4,44,4,47.08025759,9.38535697
4,44,5,52.50241111,67.87634188
4,44,6,83.43937356,93.64518968
4,44,7,47.58184362,95.24958863
4,44,8,59.71731895,49.95983176
4,44,9,57.27118775,8.75621905
4,44,10,74.20039156,77.07142657
4,44,11,68.93545858,31.87611785
4,44,12,80.86990053,76.77812101
4,44,13,9.199220701,47.79315313
4,44,14,28.32919001,8.452160053
4,44,15,54.52852256,85.61827025
4,44,16,51.84859139,25.78603877
4,44,17,52.57709905,41.43031791
4,44,18,22.36618769,47.26493776
4,44,19,12.44910024,92.92429879
4,44,20,50.02933085,52.5173654
4,45,1,81.61464604,35.65166118
4,45,2,44.24734442,48.99078123
4,45,3,54.9797086,34.38211485
4,45,4,43.549655,9.040455427
4,45,5,56.39642063,72.06348086
4,45,6,88.10060444,91.87421136
4,45,7,44.69255867,99.13288971
4,45,8,56.49418182,52.5645938
4,45,9,61.6788366,6.427387149
4,45,10,72.04469357,74.10490753
4,45,11,72.13397565,31.45789381
4,45,12,82.85096846,77.27369534
4,45,13,14.16493104,45.38748141
4,45,14,30.15877658,9.323296989
4,45,15,51.30005881,88.4210232
4,45,16,49.86851722,24.24707909
4,45,17,49.17202391,37.64302122
4,45,18,25.78630274,44.8166596
4,45,19,7.530614658,89.88269097
4,45,20,48.48684672,48.81207398
4,46,1,77.21311905,32.55015974
4,46,2,42.84432721,44.55728451
4,46,3,59.8658393,32.50324058
4,46,4,46.66773079,4.464233021
4,46,5,52.74661414,70.08855177
4,46,6,91.52985174,94.14418883
4,46,7,46.19486106,96.70042498
4,46,8,61.11612129,50.8058603
4,46,9,60.19611609,4.184813374
4,46,10,73.24807489,78.61513772
4,46,11,70.12648209,35.99778906
4,46,12,81.45336283,75.79647095
4,46,13,11.72830434,47.792742
4,46,14,29.90313446,10.4140441
4,46,15,51.80351565,87.71492562
4,46,16,46.20753261,21.66718331
4,46,17,50.34204518,37.87949481
4,46,18,26.346984,40.79058903
4,46,19,7.925224188,87.47018957
4,46,20,51.59630466,46.80332047
4,47,1,76.42499183,34.73443279
4,47,2,43.23528992,45.28819152
4,47,3,57.9204608,29.51420868
4,47,4,45.97104446,7.119618248
4,47,5,48.46644123,71.20257279
4,47,6,95.87787638,89.52592212
4,47,7,45.04103886,100
4,47,8,58.45053273,51.36606966
4,47,9,60.45180748,0
4,47,10,74.8545028,83.60496071
4,47,11,68.31528166,31.53322306
4,47,12,78.43618021,74.48048366
4,47,13,8.00388985,49.20157839
4,47,14,32.56150572,9.62409347
4,47,15,46.93520953,86.13874059
4,47,16,45.16539134,20.67032158
4,47,17,45.90696839,39.5230434
4,47,18,26.85668427,39.38711542
4,47,19,7.919220783,90.88350085
4,47,20,52.06047148,46.55696658
4,48,1,78.8029481,34.4511692
4,48,2,45.70713036,40.79069973
4,48,3,61.69437333,31.13628065
4,48,4,49.88009411,11.38942948
4,48,5,45.18434252,71.2248276
4,48,6,94.93939659,85.27786241
4,48,7,49.33962498,100
4,48,8,56.816781,50.65768408
4,48,9,58.43465965,0.722741042
4,48,10,73.61397963,85.82299473
4,48,11,65.22276213,34.81953464
4,48,12,83.13850518,70.23818282
4,48,13,7.013663527,48.22586021
4,48,14,34.26214176,4.999692677
4,48,15,49.97101893,81.34035331
4,48,16,45.76867921,24.00841728
4,48,17,48.86959461,42.7287587
4,48,18,28.64511353,36.0245075
4,48,19,10.65986421,93.74597584
4,48,20,55.62861774,42.01203375
4,49,1,79.6802354,31.05066044
4,49,2,45.74780679,37.22282322
4,49,3,57.62984203,30.04544347
4,49,4,44.90419397,14.25032478
4,49,5,44.03379082,67.16691665
4,49,6,98.28846261,88.28277102
4,49,7,48.59525557,100
4,49,8,55.01963687,45.867631
4,49,9,54.44036748,0
4,49,10,70.63024849,85.23228268
4,49,11,61.13008746,31.84984063
4,49,12,78.7989219,72.00179863
4,49,13,9.98824512,44.73759904
4,49,14,33.16465985,8.423174714
4,49,15,49.40003487,82.65780436
4,49,16,42.79040261,20.64466919
4,49,17,51.27998541,39.05204682
4,49,18,26.43882282,39.7575174
4,49,19,7.964007268,93.81593357
4,49,20,51.00426874,45.24561211
4,50,1,77.29022307,35.24720616
4,50,2,41.81357992,39.49386926
4,50,3,59.69312201,33.14959286
4,50,4,47.45551349,9.758643701
4,50,5,47.44895906,69.38956343
4,50,6,96.35405436,87.20408801
4,50,7,45.12459259,100
4,50,8,53.81232887,46.41035032
4,50,9,57.57897723,4.498358755
4,50,10,73.2903883,88.38086795
4,50,11,58.59194503,28.89656356
4,50,12,82.6673271,67.65610161
4,50,13,14.95082489,48.80504001
4,50,14,32.90006487,9.027787819
4,50,15,47.41784593,85.39002754
4,50,16,46.8764491,17.00393036
4,50,17,51.19011193,38.53694058
4,50,18,23.63721989,36.86458821
4,50,19,4.528387485,91.5657708
4,50,20,52.59602734,49.10164348
4,51,1,75.7050813,34.15027126
4,51,2,38.7651886,40.95966256
4,51,3,58.93533205,34.24937628
4,51,4,43.40549001,5.085391875
4,51,5,46.59990244,71.53173852
4,51,6,93.58589517,88.83731459
4,51,7,43.92415336,100
4,51,8,58.13120414,46.06430663
4,51,9,55.11539139,6.318617772
4,51,10,71.45067365,91.09361696
4,51,11,59.85202492,30.67649674
4,51,12,82.08434004,71.6161179
4,51,13,15.72153342,50.26892345
4,51,14,35.56066707,11.32516713
4,51,15,52.35605729,88.32538504
4,51,16,43.20956363,15.6855259
4,51,17,51.94955707,38.42449504
4,51,18,24.56715351,33.35393182
4,51,19,6.090951183,86.82180132
4,51,20,53.90541297,51.97301071
4,52,1,76.53848451,33.02075135
4,52,2,36.82936617,43.89914633
4,52,3,59.16517135,37.9088591
4,52,4,47.29497866,7.127665161
4,52,5,43.65126691,71.70380985
4,52,6,94.30080681,90.20039345
4,52,7,41.46056634,100
4,52,8,55.05597553,41.62592547
4,52,9,53.30352587,2.377287666
4,52,10,76.01791378,88.72660369
4,52,11,57.28545205,33.32766587
4,52,12,86.38603615,74.04236442
4,52,13,16.98820846,50.855306
4,52,14,35.36922507,10.68042322
4,52,15,48.04917208,87.20099723
4,52,16,42.11459031,17.16010354
4,52,17,51.21243219,34.61370593
4,52,18,23.26532549,32.36286527
4,52,19,2.195739457,88.85394269
4,52,20,55.11411694,52.76984203
4,53,1,74.01312114,36.17570826
4,53,2,35.43424098,45.08554378
4,53,3,56.49312976,41.46227215
4,53,4,45.21959479,3.176405657
4,53,5,40.839837,70.6324967
4,53,6,96.49815176,93.29451486
4,53,7,40.14978733,96.24379599
4,53,8,59.44633783,37.78259481
4,53,9,56.87545668,3.823736267
4,53,10,72.75767364,89.71509379
4,53,11,54.22866153,28.43467394
4,53,12,88.46589734,73.17587827
4,53,13,16.76660215,54.95794265
4,53,14,37.68842386,10.95865471
4,53,15,51.83441531,89.5990743
4,53,16,38.81769638,20.34032943
4,53,17,52.72290387,36.52913277
4,53,18,24.66274035,37.0691935
4,53,19,0,84.50912096
4,53,20,52.20088726,48.74982711
4,54,1,78.80925887,37.76214795
4,54,2,39.29088872,46.94826875
4,54,3,54.27790377,39.32530284
4,54,4,48.05512421,0
4,54,5,38.31592176,67.76325285
4,54,6,95.83165952,92.71713969
4,54,7,39.10465328,98.03955324
4,54,8,64.41909377,38.10876561
4,54,9,60.33266854,1.031780962
4,54,10,72.7254033,91.65953864
4,54,11,51.81425376,27.26179331
4,54,12,86.60930039,74.7857742
4,54,13,13.31965989,52.22574586
4,54,14,41.89726137,10.38557751
4,54,15,55.67537299,90.40034264
4,54,16,36.9173327,22.75574713
4,54,17,53.73743836,35.2710055
4,54,18,22.71240602,33.22612297
4,54,19,0,82.78330293
4,54,20,56.84772544,47.51959173
4,55,1,75.03393216,35.66464238
4,55,2,36.54487321,42.67516449
4,55,3,53.06954489,42.46143105
4,55,4,45.00259045,0
4,55,5,34.27297412,65.52203755
4,55,6,92.58425941,92.07709638
4,55,7,38.40323305,97.6939684
4,55,8,64.38151331,34.80735801
4,55,9,60.95909491,0.976584522
4,55,10,71.51526787,87.24102887
4,55,11,47.18724025,30.26226611
4,55,12,86.74461077,72.31870439
4,55,13,12.85155805,52.44444583
4,55,14,42.82288897,13.59538904
4,55,15,55.4535867,88.72323569
4,55,16,32.48790487,22.18874026
4,55,17,49.60656295,38.79054167
4,55,18,20.75250195,28.87452547
4,55,19,0,79.02318219
4,55,20,56.0342324,47.23693772
4,56,1,74.77755727,38.83005469
4,56,2,33.56197958,40.47866655
4,56,3,54.33785906,38.7823232
4,56,4,43.27929752,0
4,56,5,34.52086082,63.6805335
4,56,6,95.62758226,93.00893838
4,56,7,41.54350658,94.48101853
4,56,8,63.57689938,34.89036285
4,56,9,58.42632398,2.677314498
4,56,10,76.09563486,89.34680475
4,56,11,49.96931262,35.24751106
4,56,12,82.86481359,69.59468266
4,56,13,11.96424691,53.51194157
4,56,14,39.61857571,11.14383913
4,56,15,57.22261077,89.07733941
4,56,16,34.75781106,20.49420303
4,56,17,48.34107612,40.43360705
4,56,18,18.34965214,29.46385224
4,56,19,0,79.92202953
4,56,20,58.40902,47.74769796
4,57,1,71.61009289,41.46505656
4,57,2,38.48751528,40.73091994
4,57,3,51.33161931,42.60613177
4,57,4,42.66992867,3.267018795
4,57,5,35.77547993,59.36603908
4,57,6,94.07056158,90.03486473
4,57,7,40.45313971,96.06290382
4,57,8,61.61394853,36.31711801
4,57,9,58.84797737,4.339908709
4,57,10,78.25752642,87.83300744
4,57,11,46.38124431,31.95963937
4,57,12,87.39915446,67.03826476
4,57,13,7.569835261,54.91406934
4,57,14,43.80795768,10.67752086
4,57,15,55.35736933,91.48903942
4,57,16,38.65809769,22.06331013
4,57,17,43.59513789,40.38867372
4,57,18,14.49985205,32.17392981
4,57,19,2.136236693,80.80407309
4,57,20,62.82954201,44.04817493
4,58,1,69.26730671,39.6411266
4,58,2,41.0943936,38.02993346
4,58,3,55.65702832,40.26213468
4,58,4,45.46625902,6.352725266
4,58,5,39.95451513,60.43095427
4,58,6,96.08245522,89.10220337
4,58,7,40.99442285,93.44328182
4,58,8,58.25620513,33.35790818
4,58,9,57.59937929,7.756649303
4,58,10,82.56635618,88.30813431
4,58,11,41.93134084,34.63026509
4,58,12,90.86280901,64.15266847
4,58,13,3.192424655,54.85518986
4,58,14,42.26609632,13.63859917
4,58,15,56.83510445,91.10844067
4,58,16,35.33821806,25.54417329
4,58,17,45.85299923,41.65832
4,58,18,16.22432439,29.51729218
4,58,19,4.535021437,81.14927524
4,58,20,63.68504978,48.80990454
4,59,1,73.28547913,40.71252427
4,59,2,43.12046944,42.6862418
4,59,3,53.31587873,42.38040178
4,59,4,45.6369998,9.015842825
4,59,5,44.66168216,61.84093044
4,59,6,97.21489504,90.03534145
4,59,7,41.78438711,95.23155553
4,59,8,62.78852874,38.27687198
4,59,9,60.54234544,4.588512666
4,59,10,83.83635271,93.00260988
4,59,11,38.09948973,38.41689416
4,59,12,93.09649228,67.76964023
4,59,13,3.009393408,51.37948938
4,59,14,39.54357778,13.5692138
4,59,15,58.97408814,94.93682092
4,59,16,36.32136276,25.98174064
4,59,17,46.90083793,45.43707803
4,59,18,19.95151077,24.92943869
4,59,19,4.122475223,82.20131692
4,59,20,62.16948557,46.19063827
4,60,1,71.4762815,36.38713407
4,60,2,47.33530698,38.25100202
4,60,3,49.47033231,42.54532084
4,60,4,47.00029499,9.37565405
4,60,5,43.32498441,58.02462253
4,60,6,99.95611054,94.33732308
4,60,7,38.31023046,92.20554879
4,60,8,65.485056,34.58751043
4,60,9,63.83051352,7.735614158
4,60,10,86.5811269,95.70938845
4,60,11,37.56312376,35.26497972
4,60,12,91.49192112,65.23840883
4,60,13,0.017782632,47.26853092
4,60,14,40.48333895,10.2504466
4,60,15,59.41685296,92.44575385
4,60,16,39.32692867,27.61518574
4,60,17,46.37206854,43.65687818
4,60,18,18.92754825,22.33441678
4,60,19,0,87.1186236
4,60,20,61.338088,48.86275049
4,61,1,74.38517351,32.70823249
4,61,2,44.40368027,33.34573497
4,61,3,44.64996888,46.78386414
4,61,4,49.31555006,8.390841124
4,61,5,40.17573802,55.77055511
4,61,6,99.98379605,97.95196364
4,61,7,38.49422253,89.00247144
4,61,8,69.58581983,32.40609259
4,61,9,64.55564804,8.926178728
4,61,10,84.44404438,97.51840015
4,61,11,36.55023461,35.4673083
4,61,12,87.27508148,68.7781174
4,61,13,3.821046351,43.88483724
4,61,14,37.17426406,14.84666785
4,61,15,56.04687965,88.78009226
4,61,16,35.54118523,32.18644126
4,61,17,50.33994974,40.38951741
4,61,18,19.32943636,19.4990482
4,61,19,0.779770336,86.94529669
4,61,20,65.59621367,46.27457143
4,62,1,73.98991234,36.52080302
4,62,2,41.3046672,30.47338729
4,62,3,47.58759885,44.80628515
4,62,4,48.54664233,3.757351219
4,62,5,42.03785292,59.52663712
4,62,6,100,95.73462712
4,62,7,42.81282184,84.79733407
4,62,8,73.74004528,33.16081117
4,62,9,64.24065843,11.23941129
4,62,10,85.92272804,97.51111876
4,62,11,32.39276163,39.56964178
4,62,12,87.77624047,65.42934697
4,62,13,0.501266952,40.1127682
4,62,14,33.79526285,17.67400189
4,62,15,53.3216655,91.04272643
4,62,16,38.68490056,36.17236396
4,62,17,46.67393129,41.16417922
4,62,18,20.30029405,15.48425661
4,62,19,5.235832419,87.41785673
4,62,20,70.28176719,42.11251879
4,63,1,77.97615592,31.81738502
4,63,2,39.13290136,25.80075945
4,63,3,46.38121753,47.57103737
4,63,4,50.33636589,7.410482007
4,63,5,41.23950014,60.06415369
4,63,6,100,92.54848416
4,63,7,40.51909891,88.81895402
4,63,8,76.95166215,30.92798256
4,63,9,63.38371649,14.80629471
4,63,10,83.02975892,96.79021529
4,63,11,27.46841111,44.21525579
4,63,12,86.34689749,61.41558001
4,63,13,0,35.53760954
4,63,14,29.83955185,14.69505491
4,63,15,50.8440117,94.88205632
4,63,16,43.46147869,36.71459035
4,63,17,51.27799588,38.3321611
4,63,18,18.58186915,17.99874024
4,63,19,4.62822037,84.45488093
4,63,20,69.79180755,44.71522608
4,64,1,77.42625345,30.641295
4,64,2,39.09282523,24.91915053
4,64,3,45.72207665,42.83500237
4,64,4,53.96955435,10.15312977
4,64,5,44.83726936,60.92530455
4,64,6,96.02529452,94.37374637
4,64,7,36.07935729,89.58834258
4,64,8,73.03808129,32.61450378
4,64,9,58.61543598,9.901425357
4,64,10,86.9977083,92.72981311
4,64,11,31.87289204,42.87944857
4,64,12,87.37179688,59.39990207
4,64,13,0,37.03751596
4,64,14,27.70548733,10.48972155
4,64,15,48.25446786,93.9082853
4,64,16,44.65903291,33.25781536
4,64,17,52.61054962,35.06156985
4,64,18,17.90102406,16.21818136
4,64,19,6.563032654,85.22835216
4,64,20,66.16550494,42.30222371
4,65,1,80.52319161,28.9259179
4,65,2,39.56020691,19.95073242
4,65,3,49.41768575,42.32896906
4,65,4,57.7998891,10.44085922
4,65,5,44.19563309,60.54996371
4,65,6,98.65463233,95.32138094
4,65,7,38.44844329,90.96642587
4,65,8,71.53625113,29.17545078
4,65,9,55.15624456,9.253648756
4,65,10,85.38198285,97.13182737
4,65,11,32.04657139,41.38767192
4,65,12,82.41436384,55.01038779
4,65,13,3.198920156,35.87645864
4,65,14,32.44329215,11.38812025
4,65,15,51.16918715,94.2858273
4,65,16,42.38866389,34.06302948
4,65,17,49.05776014,31.57740213
4,65,18,17.64820132,19.94816757
4,65,19,1.56595733,85.47034013
4,65,20,65.44371555,43.2319014
4,66,1,78.22733272,27.39635289
4,66,2,40.3924542,19.91176923
4,66,3,47.58875049,37.726673
4,66,4,61.39622998,6.027165131
4,66,5,46.36027931,60.12987768
4,66,6,100,96.56545696
4,66,7,38.47789188,95.30034386
4,66,8,70.87557534,30.53550052
4,66,9,55.31862041,6.309077818
4,66,10,84.20364949,97.40150169
4,66,11,34.44703532,39.57598303
4,66,12,83.6321703,53.3511677
4,66,13,4.300163607,36.84373339
4,66,14,29.69607585,6.878328378
4,66,15,48.96041745,95.8826625
4,66,16,45.67536369,35.15538256
4,66,17,45.44069419,34.38519898
4,66,18,13.64095284,17.24734899
4,66,19,0,83.55929821
4,66,20,63.69105974,42.80551197
4,67,1,82.84738881,29.00544815
4,67,2,45.22223108,17.55459293
4,67,3,45.16937647,37.19474446
4,67,4,63.81091134,4.020341692
4,67,5,49.55623742,58.84352054
4,67,6,100,100
4,67,7,37.15033457,94.87272608
4,67,8,68.85203883,31.43599072
4,67,9,56.90210994,6.564689227
4,67,10,84.575708,98.40022001
4,67,11,31.45489626,44.37461189
4,67,12,82.89780792,54.21004074
4,67,13,8.146679434,40.80214077
4,67,14,28.66139598,5.509204021
4,67,15,44.83917865,93.08566886
4,67,16,44.34056505,33.43553005
4,67,17,46.84239664,35.57493491
4,67,18,14.8075681,14.95045594
4,67,19,0,80.78522521
4,67,20,67.23273228,45.18361785
4,68,1,79.8278152,32.92014168
4,68,2,45.39300698,18.27609851
4,68,3,40.61689382,34.05978293
4,68,4,66.14117141,4.413925773
4,68,5,51.26105287,54.01911964
4,68,6,100,100
4,68,7,40.42874934,96.80440459
4,68,8,67.58638623,33.59830648
4,68,9,57.57556187,11.29231124
4,68,10,89.27035542,95.40251424
4,68,11,32.1156358,47.32762296
4,68,12,78.3124554,54.63454527
4,68,13,8.590971477,38.67455774
4,68,14,27.05755659,5.780966591
4,68,15,43.04074569,90.79039038
4,68,16,46.38953042,33.4818279
4,68,17,42.3016758,38.54068245
4,68,18,13.48931875,14.69827512
4,68,19,2.612110123,85.08427358
4,68,20,70.96846067,47.69341496
4,69,1,83.54719225,28.93857865
4,69,2,42.59075604,15.87874636
4,69,3,41.96911745,31.61960098
4,69,4,65.02418368,0.193098511
4,69,5,49.69795514,51.9774756
4,69,6,96.94453671,100
4,69,7,37.93988631,93.55338495
4,69,8,63.69715378,30.59227267
4,69,9,62.06158666,9.284939942
4,69,10,84.91239032,100
4,69,11,28.84662562,50.36071958
4,69,12,74.78581668,51.2483192
4,69,13,8.834962965,39.30666186
4,69,14,31.30760796,4.008946519
4,69,15,46.8598839,92.99200966
4,69,16,48.01516566,31.27652665
4,69,17,44.62139329,34.87106262
4,69,18,10.63010679,16.20503409
4,69,19,1.827296458,87.15388377
4,69,20,72.638138,44.22218345
4,70,1,79.6555201,24.03159532
4,70,2,40.68981394,20.13015625
4,70,3,46.03303709,32.85029797
4,70,4,69.41031397,2.139643416
4,70,5,53.3782692,54.6333863
4,70,6,96.92437036,95.49715837
4,70,7,34.68655605,95.60454519
4,70,8,66.23155948,26.21037617
4,70,9,57.8019344,12.43385877
4,70,10,86.13282783,97.36567387
4,70,11,26.21698568,46.06857335
4,70,12,72.8008785,52.97952542
4,70,13,5.945718718,39.89461473
4,70,14,34.03148602,5.459926767
4,70,15,51.74008257,95.85894158
4,70,16,43.60206188,29.91370791
4,70,17,41.66916228,38.79108493
4,70,18,9.847648944,19.04221771
4,70,19,1.851646729,87.59391859
4,70,20,74.49662668,43.29176067
4,71,1,75.5090378,28.89779851
4,71,2,43.06466929,20.09114445
4,71,3,49.59412183,28.44975371
4,71,4,71.04775635,0
4,71,5,54.48763737,57.29811837
4,71,6,94.16784671,91.63602062
4,71,7,34.70142945,99.13534941
4,71,8,69.78134715,22.87037142
4,71,9,61.27882739,10.00344586
4,71,10,87.94489355,99.79128173
4,71,11,22.68851939,43.98191795
4,71,12,68.96322045,57.84622705
4,71,13,10.26263856,35.49446765
4,71,14,37.57441618,0.607494227
4,71,15,47.30830453,94.19433035
4,71,16,39.2180137,34.88406405
4,71,17,42.67593629,43.4565807
4,71,18,5.1945339,16.42469106
4,71,19,4.353079681,83.76315602
4,71,20,71.41094693,40.71020816
4,72,1,71.84495319,32.28539336
4,72,2,43.2803795,16.83193435
4,72,3,50.24423857,28.36757262
4,72,4,74.73026971,0.936332774
4,72,5,52.73845272,62.0865617
4,72,6,98.33562511,95.70886087
4,72,7,30.6980543,99.96640815
4,72,8,66.47130022,22.94739072
4,72,9,62.47480976,14.96210528
4,72,10,84.4404757,100
4,72,11,20.54938626,41.25560644
4,72,12,73.9625002,54.90529395
4,72,13,9.407373678,37.98535222
4,72,14,34.42623457,1.653210258
4,72,15,48.29591756,90.72310947
4,72,16,43.27079597,31.69504273
4,72,17,46.9802427,42.9392772
4,72,18,8.599640096,17.82332474
4,72,19,8.680070404,83.48117658
4,72,20,71.12923126,41.86908717
4,73,1,73.59368928,30.10939183
4,73,2,47.0991906,21.37864235
4,73,3,48.04142402,33.29392115
4,73,4,77.17689324,3.471614929
4,73,5,48.4934384,65.61767886
4,73,6,95.18871528,91.9303792
4,73,7,26.82970844,95.42729109
4,73,8,70.25848724,22.45214147
4,73,9,60.55016812,17.45967373
4,73,10,80.15240043,100
4,73,11,16.55522607,40.65881891
4,73,12,72.11357556,57.89420316
4,73,13,14.37762131,39.80667288
4,73,14,30.93061991,3.898358475
4,73,15,46.72134845,93.14134487
4,73,16,45.46987514,33.4924251
4,73,17,42.97956611,45.20918874
4,73,18,12.41170692,22.52580428
4,73,19,12.52923443,87.4601505
4,73,20,69.52806518,40.18250873
4,74,1,68.97580456,31.5975436
4,74,2,42.35655906,26.1547729
4,74,3,46.43410327,35.58041773
4,74,4,74.62406046,2.596530242
4,74,5,48.91870381,69.99863301
4,74,6,96.12304593,87.44830103
4,74,7,31.80432413,91.68347005
4,74,8,71.59459593,26.84852394
4,74,9,55.60572638,18.69868292
4,74,10,77.49337947,100
4,74,11,16.46854558,38.22478129
4,74,12,76.38542065,57.23438367
4,74,13,14.76081532,37.74433758
4,74,14,28.19185138,8.329282098
4,74,15,49.60945793,95.93377524
4,74,16,44.06139658,33.56601699
4,74,17,41.28021351,47.168638
4,74,18,14.48988611,22.46454287
4,74,19,17.03395532,83.34164982
4,74,20,68.9927904,35.68534454
4,75,1,69.59508241,28.19313267
4,75,2,45.19510299,23.85982518
4,75,3,42.76102925,36.71543206
4,75,4,79.02438816,6.600294418
4,75,5,44.66756326,66.12143449
4,75,6,100,83.87529501
4,75,7,32.21512486,90.6609927
4,75,8,68.25862239,31.11012171
4,75,9,53.68857316,17.29208457
4,75,10,81.75537351,100
4,75,11,15.85020705,41.73961116
4,75,12,80.38146563,54.26829857
4,75,13,15.6342518,33.84835487
4,75,14,29.92961113,6.340792771
4,75,15,49.40810704,91.48723272
4,75,16,40.41885618,32.63065931
4,75,17,42.93586512,47.55339756
4,75,18,15.18388789,19.7660679
4,75,19,15.27706352,82.72838594
4,75,20,65.70249042,31.92393488
4,76,1,70.75166355,32.26878797
4,76,2,41.89330788,25.56807825
4,76,3,47.33801369,33.59023836
4,76,4,82.01158147,5.677171658
4,76,5,49.29915702,63.73635621
4,76,6,100,87.47169575
4,76,7,28.3886602,91.34228304
4,76,8,72.18711299,32.74436203
4,76,9,50.91063978,13.43840708
4,76,10,78.3435792,98.54874315
4,76,11,11.64765305,37.34189263
4,76,12,77.29431296,57.23903173
4,76,13,13.23241216,38.79698724
4,76,14,26.1977111,10.84529176
4,76,15,49.00233,89.29704692
4,76,16,44.69427062,34.56935106
4,76,17,45.42416109,47.88232893
4,76,18,18.18461951,23.73040342
4,76,19,18.20112432,80.96144354
4,76,20,69.51999497,35.92799338
4,77,1,75.26654742,33.29404615
4,77,2,40.69466538,26.44324951
4,77,3,45.52683066,32.3440255
4,77,4,79.45683553,5.055646796
4,77,5,49.53699018,61.06911794
4,77,6,100,84.14971231
4,77,7,28.17408428,86.85984333
4,77,8,71.79073723,36.43937906
4,77,9,48.61870367,9.819333294
4,77,10,76.41988395,97.67968686
4,77,11,9.743851567,37.8395787
4,77,12,76.44708359,58.372428
4,77,13,12.63776755,41.09810161
4,77,14,28.16649252,14.99575086
4,77,15,46.68710532,85.81422278
4,77,16,40.35387931,38.55745256
4,77,17,44.7098732,44.62624165
4,77,18,14.86613394,23.32749529
4,77,19,20.88869993,79.27558941
4,77,20,69.14332551,37.37437077
4,78,1,78.62526409,35.6276605
4,78,2,44.67080838,24.79803883
4,78,3,41.13301235,31.13063061
4,78,4,77.64805814,4.254893901
4,78,5,51.69631971,59.06764618
4,78,6,100,86.41728443
4,78,7,29.80468936,82.64521052
4,78,8,72.32162535,36.46577059
4,78,9,52.71966792,9.972746
4,78,10,72.24658456,94.09045332
4,78,11,11.69774944,38.77546428
4,78,12,74.28312669,62.02397347
4,78,13,10.01191203,39.90615455
4,78,14,25.54453139,11.3745806
4,78,15,44.98717508,88.39603546
4,78,16,39.22704982,36.88264972
4,78,17,48.0615243,46.70683719
4,78,18,11.76356607,24.55050011
4,78,19,24.15217561,78.67218149
4,78,20,71.16966204,36.05635596
4,79,1,73.78079472,37.15228893
4,79,2,47.13161848,25.22279722
4,79,3,36.72409463,34.31734241
4,79,4,77.63380767,6.777394372
4,79,5,52.04835584,63.11282232
4,79,6,100,86.86517509
4,79,7,34.76374601,82.14542633
4,79,8,69.25102949,33.48430945
4,79,9,54.93039629,9.601511388
4,79,10,75.71009678,89.30426832
4,79,11,10.3670386,43.60750451
4,79,12,77.64206797,60.13163333
4,79,13,11.24975187,43.62795038
4,79,14,21.62726872,7.561051752
4,79,15,45.39946039,88.92978914
4,79,16,40.6856078,34.26562732
4,79,17,44.01498396,44.20291637
4,79,18,12.60157767,24.20638577
4,79,19,19.48717225,74.64685975
4,79,20,66.81506144,33.1043508
4,80,1,75.78858937,39.38828115
4,80,2,49.4109168,25.9306823
4,80,3,36.74576824,31.63224345
4,80,4,78.1453042,5.042517278
4,80,5,51.09177067,65.11517845
4,80,6,100,84.32401218
4,80,7,31.15998209,83.56084864
4,80,8,65.25213091,29.04051268
4,80,9,53.86784866,8.515753978
4,80,10,70.7988662,91.5105083
4,80,11,10.89837085,40.11352131
4,80,12,80.04099943,59.67086174
4,80,13,9.869583085,45.86305014
4,80,14,20.0882346,12.04443608
4,80,15,49.20200723,85.71550449
4,80,16,35.75876524,32.69902079
4,80,17,41.42088496,44.09463634
4,80,18,16.33403144,19.89298033
4,80,19,22.38902533,74.38840515
4,80,20,63.25370464,28.365311
4,81,1,73.87314263,41.86828657
4,81,2,47.19208879,25.01430314
4,81,3,32.19356417,33.86649017
4,81,4,77.2318851,1.827402838
4,81,5,51.25204744,68.07047919
4,81,6,99.35628838,80.88837251
4,81,7,34.46514018,84.06841344
4,81,8,62.94754052,28.94331367
4,81,9,55.78218337,7.888233638
4,81,10,70.51588102,95.04103048
4,81,11,13.51634905,41.3444483
4,81,12,79.20209905,64.41165977
4,81,13,10.43914286,44.71462025
4,81,14,19.00220017,10.63578574
4,81,15,44.31542536,81.48332472
4,81,16,37.63252605,32.00120718
4,81,17,44.00640132,41.49829797
4,81,18,18.92869289,24.37913329
4,81,19,21.51914021,72.93815065
4,81,20,62.82781635,28.56921363
4,82,1,71.51097601,40.63008876
4,82,2,42.94118884,27.2538463
4,82,3,30.54862068,30.44511305
4,82,4,73.20112345,0
4,82,5,53.21762998,65.46285873
4,82,6,100,79.6501444
4,82,7,38.40779575,80.25562241
4,82,8,62.06897497,26.33996785
4,82,9,53.01636277,8.690509924
4,82,10,66.87217977,90.50627188
4,82,11,12.6494025,40.78534374
4,82,12,74.64600754,60.0895435
4,82,13,6.606198853,44.08230783
4,82,14,14.84716543,6.051594885
4,82,15,40.18879664,81.43814313
4,82,16,37.09716361,35.90322447
4,82,17,41.90685361,41.20520675
4,82,18,22.95414527,22.98298728
4,82,19,19.13081089,74.51655658
4,82,20,65.78580512,32.06440763
4,83,1,73.11106139,38.69174459
4,83,2,45.66213385,28.33188312
4,83,3,28.01227779,30.56347851
4,83,4,72.49966767,0
4,83,5,53.36867022,68.21209773
4,83,6,100,77.78226481
4,83,7,40.78876805,82.5939253
4,83,8,61.93446525,24.84066982
4,83,9,53.68448573,11.87018823
4,83,10,63.47023524,91.470545
4,83,11,14.3564322,40.66404495
4,83,12,73.85114375,62.33166672
4,83,13,5.591505685,45.84146006
4,83,14,16.57959244,7.555126093
4,83,15,35.40354278,78.97554421
4,83,16,38.91731445,39.23046223
4,83,17,37.72339222,45.94057461
4,83,18,27.91576963,24.14985619
4,83,19,14.22505458,71.70380062
4,83,20,61.51480363,27.8214391
4,84,1,68.3709268,39.59477787
4,84,2,47.83981287,29.72922094
4,84,3,27.9476762,26.89165869
4,84,4,71.67047521,0
4,84,5,52.10413342,71.90647346
4,84,6,100,77.53888828
4,84,7,36.36551236,79.88693596
4,84,8,59.86228813,26.12759861
4,84,9,50.65483148,12.12972771
4,84,10,61.35317163,90.22195169
4,84,11,10.24820614,41.46279934
4,84,12,73.29892481,57.98241117
4,84,13,9.513394964,49.37963582
4,84,14,13.50176541,12.04731909
4,84,15,40.27606167,81.90139622
4,84,16,35.85104169,34.73849658
4,84,17,38.1256965,42.76529386
4,84,18,23.33857096,21.17946808
4,84,19,13.19894477,67.8119343
4,84,20,57.57044949,23.72943745
4,85,1,64.79102857,41.31170693
4,85,2,46.42500843,28.76979526
4,85,3,30.94104895,29.64690619
4,85,4,71.06521581,0
4,85,5,55.54513258,72.56747633
4,85,6,100,77.01458113
4,85,7,33.25561188,83.89893724
4,85,8,62.44141706,25.67574659
4,85,9,49.39858502,8.677853552
4,85,10,64.67077925,88.65021067
4,85,11,12.91486659,41.72729538
4,85,12,77.64235069,53.97740458
4,85,13,12.72182236,53.05634516
4,85,14,12.0811721,11.40972574
4,85,15,37.54527001,79.2555242
4,85,16,39.04929519,32.5878829
4,85,17,35.5915736,39.71710427
4,85,18,19.70820136,17.33899786
4,85,19,10.83452849,69.97694654
4,85,20,58.31000386,19.34581405
4,86,1,66.34286779,43.7990321
4,86,2,48.12063103,25.44131429
4,86,3,31.20791061,31.35394562
4,86,4,72.46908255,0
4,86,5,56.42009718,75.09469899
4,86,6,100,73.58446201
4,86,7,30.1415064,87.39338114
4,86,8,57.49700869,21.35146949
4,86,9,48.8319656,5.760220036
4,86,10,67.131073,84.17044263
4,86,11,12.56888819,45.36974767
4,86,12,76.91797665,58.75930882
4,86,13,14.18769812,48.37207933
4,86,14,10.23436192,13.57925026
4,86,15,32.69697971,82.35479186
4,86,16,34.47504944,30.20613372
4,86,17,39.07296508,42.73698703
4,86,18,22.92127997,12.60154066
4,86,19,8.800477369,69.54504406
4,86,20,56.18965548,22.00202008
4,87,1,65.17782602,40.37675588
4,87,2,45.82746189,26.14442853
4,87,3,33.45997829,29.94899884
4,87,4,77.38507425,2.867879477
4,87,5,54.3752117,70.80610278
4,87,6,100,72.90872459
4,87,7,31.08987455,90.7417491
4,87,8,59.26994129,22.25182504
4,87,9,46.25419011,3.728070684
4,87,10,70.48762913,79.65990843
4,87,11,8.145329283,49.09589397
4,87,12,80.51529025,61.90851691
4,87,13,11.52476848,45.76130825
4,87,14,8.763328511,17.95432882
4,87,15,29.89546941,79.86066367
4,87,16,39.32361739,29.60082425
4,87,17,36.96718583,43.33013537
4,87,18,21.67498396,10.56747858
4,87,19,9.242411707,68.73741645
4,87,20,60.17515914,24.16208861
4,88,1,70.06800159,39.53499059
4,88,2,50.06993872,21.28828721
4,88,3,29.77125638,31.31139809
4,88,4,75.5221707,0
4,88,5,57.77661695,69.18820857
4,88,6,96.37059987,68.76675954
4,88,7,30.81308095,89.84885667
4,88,8,60.99280008,23.29071661
4,88,9,43.36174221,6.691897841
4,88,10,72.90691918,77.86401546
4,88,11,11.31367472,51.05356256
4,88,12,77.60305299,58.98496553
4,88,13,6.641348164,45.52280513
4,88,14,9.010766954,16.78921798
4,88,15,28.6896453,83.9234907
4,88,16,42.3745028,26.40131787
4,88,17,38.31484806,45.95792928
4,88,18,19.46953372,12.80584356
4,88,19,7.99291005,71.33101504
4,88,20,57.29315125,23.07881629
4,89,1,68.59913526,43.06186442
4,89,2,46.21661675,19.9672669
4,89,3,26.9834924,35.9382987
4,89,4,78.72807077,0
4,89,5,62.08790162,69.52363081
4,89,6,96.80383712,64.7806251
4,89,7,26.32362255,89.32597513
4,89,8,58.51877251,20.00157983
4,89,9,44.49432416,6.569904037
4,89,10,68.93320036,77.96426734
4,89,11,10.10681275,55.5590082
4,89,12,75.05234663,56.99270076
4,89,13,2.231777799,44.44103011
4,89,14,13.11291025,16.75863101
4,89,15,33.38500313,81.86750241
4,89,16,46.88408929,24.0832779
4,89,17,42.46655531,46.2503552
4,89,18,21.38901154,16.66917092
4,89,19,12.78469952,76.28707838
4,89,20,60.70272318,24.7163473
4,90,1,63.90370079,45.17094669
4,90,2,42.11642594,18.02230023
4,90,3,31.47311261,31.36137454
4,90,4,82.63304295,0
4,90,5,66.28916803,69.08503826
4,90,6,100,63.61594704
4,90,7,21.96944363,88.13913685
4,90,8,56.32825862,23.6326466
4,90,9,49.03611306,2.596780488
4,90,10,69.70124635,79.69194722
4,90,11,8.233529661,58.75562974
4,90,12,78.60432111,56.89233819
4,90,13,2.096579601,41.00497489
4,90,14,13.65076666,13.51011278
4,90,15,34.7624664,78.58392891
4,90,16,48.52828274,22.45982114
4,90,17,47.3736343,46.52654572
4,90,18,24.55830803,19.87346652
4,90,19,8.018540679,79.39499675
4,90,20,57.18714838,27.02841957
4,91,1,63.21707359,41.25011744
4,91,2,38.02207994,15.00739102
4,91,3,36.17484776,29.47735673
4,91,4,78.66422312,0.123129127
4,91,5,67.33878058,67.62634605
4,91,6,98.16491247,63.03478105
4,91,7,17.10349486,91.02287282
4,91,8,54.52695637,20.46513614
4,91,9,45.11200038,2.007789304
4,91,10,66.72546479,81.54934568
4,91,11,3.57812274,54.83785375
4,91,12,83.08928021,58.00764857
4,91,13,2.65944809,39.31385219
4,91,14,12.85809385,16.95204353
4,91,15,36.75020535,76.13607179
4,91,16,49.15482608,19.07059865
4,91,17,48.60758207,46.59695967
4,91,18,28.23689414,18.5498322
4,91,19,4.398108668,78.46756656
4,91,20,56.91455604,24.81128059
4,92,1,62.66680134,45.5472858
4,92,2,35.53737385,17.83555371
4,92,3,39.47300411,33.53304709
4,92,4,74.49575506,0
4,92,5,67.34178354,65.50453982
4,92,6,98.35260234,65.71437526
4,92,7,18.52181773,87.34838659
4,92,8,53.50505285,24.23223261
4,92,9,41.37211341,0
4,92,10,62.78561372,85.46225393
4,92,11,0,53.35418106
4,92,12,78.47502164,61.99757403
4,92,13,1.184950837,38.45080728
4,92,14,16.82560837,14.84177092
4,92,15,32.94546182,76.0103756
4,92,16,45.21262325,14.52537444
4,92,17,50.41369276,48.8809197
4,92,18,31.68731666,17.77188154
4,92,19,2.78173693,80.43809829
4,92,20,53.23995206,26.6038841
4,93,1,59.89125204,45.79984727
4,93,2,33.71892454,16.2669256
4,93,3,34.99804252,35.56210803
4,93,4,70.91642159,2.734840159
4,93,5,63.54126077,65.91636463
4,93,6,99.86153516,70.55278405
4,93,7,20.62814537,86.53121401
4,93,8,55.66226791,27.44726156
4,93,9,42.63095265,0
4,93,10,65.15095764,89.82550443
4,93,11,0,56.59791846
4,93,12,79.27706493,63.82231642
4,93,13,4.887033749,34.46671242
4,93,14,12.99999381,14.9641406
4,93,15,35.02358443,71.66573547
4,93,16,49.07484285,9.571045095
4,93,17,47.94465909,48.8072219
4,93,18,30.85279781,15.06170395
4,93,19,2.040278824,78.07784591
4,93,20,55.02926755,26.29558734
4,94,1,61.09943612,46.03994881
4,94,2,32.66675111,20.25743863
4,94,3,32.25341139,32.6315244
4,94,4,74.43077154,6.75397374
4,94,5,60.15249404,61.66402681
4,94,6,95.96725798,67.18038095
4,94,7,23.76765163,89.85279739
4,94,8,52.38503168,27.79850732
4,94,9,42.32784225,2.262351961
4,94,10,63.70353801,91.35544876
4,94,11,0,55.37553172
4,94,12,83.01452864,63.58588532
4,94,13,8.937341539,38.1819624
4,94,14,13.05015039,14.20876876
4,94,15,39.63558314,66.7517529
4,94,16,46.79941577,6.532796356
4,94,17,48.67411168,47.06930567
4,94,18,35.27525135,12.805827
4,94,19,0,80.90207864
4,94,20,58.47880647,29.91540174
4,95,1,65.02552406,45.56291286
4,95,2,36.82404403,22.78893088
4,95,3,31.95327555,36.55630237
4,95,4,78.47183643,9.205343719
4,95,5,61.3598718,61.05878891
4,95,6,99.34157072,62.45928515
4,95,7,19.74412071,91.80122487
4,95,8,55.25133978,26.76868374
4,95,9,45.77713725,3.219718355
4,95,10,67.89306325,86.90953506
4,95,11,3.905526,60.09992051
4,95,12,82.14648086,62.01053566
4,95,13,7.982609991,37.32310317
4,95,14,13.18980121,12.0245255
4,95,15,39.66632395,65.03860581
4,95,16,48.44924244,6.847394884
4,95,17,46.67411217,48.18791102
4,95,18,39.37676038,16.04033245
4,95,19,0,76.16554509
4,95,20,59.90142447,30.79791126
4,96,1,67.3203881,42.34793914
4,96,2,33.60338525,23.29046207
4,96,3,35.60473188,36.54293234
4,96,4,79.78502643,8.072557324
4,96,5,58.57532758,61.24209805
4,96,6,96.56616245,63.57166642
4,96,7,24.68409743,92.61477637
4,96,8,55.5221451,23.4402428
4,96,9,44.65806424,3.8937715
4,96,10,69.22383509,84.30205373
4,96,11,0.367495361,57.64290635
4,96,12,78.90274193,62.30678984
4,96,13,8.43330712,32.56436563
4,96,14,15.81532983,9.048561878
4,96,15,38.02245128,68.99632649
4,96,16,45.39404224,10.21253625
4,96,17,48.4369436,47.93209383
4,96,18,34.51116353,18.20448961
4,96,19,4.519564025,75.68289126
4,96,20,64.26032654,27.41948322
4,97,1,69.13423969,39.3965027
4,97,2,32.06569876,23.89613407
4,97,3,37.39154491,37.89116868
4,97,4,77.70796412,5.657117251
4,97,5,55.70894312,57.49197271
4,97,6,98.28167139,59.75878505
4,97,7,25.23208579,96.16582437
4,97,8,52.99011923,26.13095145
4,97,9,40.35291653,2.539391265
4,97,10,69.30089767,86.96586972
4,97,11,0,55.35515293
4,97,12,79.52614707,66.86086549
4,97,13,5.121945438,35.10681642
4,97,14,19.33876101,7.128060968
4,97,15,37.81530213,73.89623828
4,97,16,41.48279333,7.019568875
4,97,17,50.68725748,45.79328629
4,97,18,35.33394453,13.36806331
4,97,19,1.795301205,71.40988111
4,97,20,64.44301315,30.27793555
4,98,1,67.26141647,38.21583772
4,98,2,28.95338901,21.70963923
4,98,3,41.15666446,36.25379967
4,98,4,79.01664934,10.62402016
4,98,5,59.42880225,53.50195447
4,98,6,100,57.03060673
4,98,7,28.88812721,100
4,98,8,57.47520727,21.41559409
4,98,9,41.42528127,6.502644365
4,98,10,67.09672716,86.82306215
4,98,11,4.830809905,53.36102452
4,98,12,78.87490374,70.57093946
4,98,13,3.67694764,32.7847671
4,98,14,20.22191168,11.29321226
4,98,15,34.26987464,76.26834121
4,98,16,43.21803629,10.75869217
4,98,17,51.15351216,46.0452132
4,98,18,38.84871758,16.14434537
4,98,19,0,70.26536651
4,98,20,60.05176887,33.90913003
4,99,1,68.34028346,40.73746881
4,99,2,25.50314638,24.4785602
4,99,3,36.93398784,37.18743007
4,99,4,80.84424023,8.969556663
4,99,5,60.66450598,56.63034312
4,99,6,100,55.76185465
4,99,7,27.72931555,100
4,99,8,55.41779463,18.62983804
4,99,9,44.52200287,8.175047123
4,99,10,63.08073727,87.79900444
4,99,11,7.442493021,57.78926447
4,99,12,80.14453845,69.41822132
4,99,13,6.312617945,34.66596365
4,99,14,17.23277308,12.96115796
4,99,15,38.45574838,72.43980044
4,99,16,45.64276509,8.376679937
4,99,17,47.86823922,45.18445348
4,99,18,41.45050425,16.07390528
4,99,19,1.253399038,68.55479034
4,99,20,61.27104155,38.4084411
